<?xml version="1.0" encoding="UTF-8"?>
<beans xmlns="http://www.springframework.org/schema/beans"
	xmlns:context="http://www.springframework.org/schema/context"
	 xmlns:security="http://www.springframework.org/schema/security"
	xmlns:xsi="http://www.w3.org/2001/XMLSchema-instance"

	 xmlns:mvc="http://www.springframework.org/schema/mvc"

	xsi:schemaLocation="
http://www.springframework.org/schema/beans
http://www.springframework.org/schema/beans/spring-beans-3.0.xsd
http://www.springframework.org/schema/mvc
http://www.springframework.org/schema/mvc/spring-mvc.xsd
http://www.springframework.org/schema/context 
http://www.springframework.org/schema/context/spring-context-3.0.xsd
http://www.springframework.org/schema/security forces
http://www.springframework.org/schema/security/oauth2
http://www.springframework.org/schema/security/spring-security-oauth2.xsd">

	<context:component-scan base-package="edu.*" />
	
    <mvc:resources mapping="/resources/**" location="/resources/"/>
      
	
<mvc:annotation-driven>
        <mvc:argument-resolvers>
            <bean class="org.springframework.security.web.bind.support.AuthenticationPrincipalArgumentResolver" />
        </mvc:argument-resolvers>
    </mvc:annotation-driven>
	<bean
		class="org.springframework.web.servlet.view.InternalResourceViewResolver">
		<property name="prefix">
			<value>/WEB-INF/views/</value>
		</property>
		<property name="suffix">
			<value>.jsp</value>
		</property>
	</bean>
	  <security:http auto-config="true">

		<security:intercept-url pattern="/voter/**"
			access="ROLE_VOTER" />


		<security:form-login login-page="/signin"
			default-target-url="/" authentication-failure-url="/signin?error"
			username-parameter="emailid" password-parameter="password" />
		<security:logout logout-success-url="/signin?logout" />
	</security:http>
	
	<security:authentication-manager>
		<security:authentication-provider>
			<security:jdbc-user-service
				data-source-ref="dataSource"
				authorities-by-username-query="SELECT securitycode, role From voterole WHERE securitycode = ?"
                                        voters-by-securitycode-query="SELECT emailid, password, enabled FROM users WHERE securitycode = ?"/>
		</security:authentication-provider>
	</security:authentication-manager> 
	
</beans>